USE `package_store`;
INSERT INTO `package_type` VALUES (1,'C/C++',NULL,'2014-02-11 21:03:09','root@tardis','2015-07-10 22:03:10'),(2,'Java Source Code',NULL,'2014-02-11 21:03:09','root@tardis','2015-07-10 22:03:10'),(3,'Java Bytecode',NULL,'2014-02-11 21:03:09','root@tardis','2015-07-10 22:03:10'),(4,'Python2',NULL,'2014-09-29 19:57:20','root@tardis','2015-07-10 22:03:10'),(5,'Python3',NULL,'2014-09-29 19:57:20','root@tardis','2015-07-10 22:03:10'),(6,'Android Java Source Code',NULL,'2014-12-29 21:54:29','root@tardis','2015-07-10 22:03:10');

USE `platform_store`;
INSERT INTO `platform` VALUES ('1088c3ce-20aa-11e3-9a3e-001a4a81450b',NULL,'Ubuntu Linux',NULL,'PUBLIC',NULL,'2014-02-01 23:37:56','root@tardis','2015-07-10 22:04:21'),('48f9a9b0-976f-11e4-829b-001a4a81450b',NULL,'Android',NULL,'PUBLIC',NULL,'2015-01-08 19:53:41','root@tardis','2015-07-10 22:04:21'),('8a51ecea-209d-11e3-9a3e-001a4a81450b',NULL,'Fedora Linux',NULL,'PUBLIC',NULL,'2014-02-01 23:37:56','root@tardis','2015-07-10 22:04:21'),('a4f024eb-f317-11e3-8775-001a4a81450b',NULL,'Scientific Linux 32-bit',NULL,'PUBLIC',NULL,'2014-06-13 16:38:10','root@tardis','2015-07-10 22:04:21'),('d531f0f0-f273-11e3-8775-001a4a81450b',NULL,'Red Hat Enterprise Linux 32-bit',NULL,'PUBLIC',NULL,'2014-06-13 16:30:13','root@tardis','2015-07-10 22:04:21'),('d95fcb5f-209d-11e3-9a3e-001a4a81450b',NULL,'Scientific Linux 64-bit',NULL,'PUBLIC',NULL,'2014-02-01 23:37:56','root@tardis','2015-07-10 22:04:21'),('ee2c1193-209b-11e3-9a3e-001a4a81450b',NULL,'Debian Linux',NULL,'PUBLIC',NULL,'2014-02-01 23:37:56','root@tardis','2015-07-10 22:04:21'),('fc55810b-09d7-11e3-a239-001a4a81450b',NULL,'Red Hat Enterprise Linux 64-bit',NULL,'PUBLIC',NULL,'2014-02-01 23:37:56','root@tardis','2015-07-10 22:04:21');
INSERT INTO `platform_version` VALUES ('00f3ff35-209c-11e3-9a3e-001a4a81450b','ee2c1193-209b-11e3-9a3e-001a4a81450b',1,'7.0 64-bit','2014-02-01 23:37:56',NULL,NULL,NULL,'debian-7.0-64',NULL,NULL,NULL,NULL,'2014-02-01 23:37:56','root@tardis','2015-07-10 22:05:18'),('051f9447-209e-11e3-9a3e-001a4a81450b','d531f0f0-f273-11e3-8775-001a4a81450b',1,'RHEL6.4 32-bit','2014-02-01 23:37:56',NULL,NULL,NULL,'rhel-6.4-32',NULL,NULL,NULL,NULL,'2014-02-01 23:37:56','root@tardis','2015-07-10 22:05:18'),('18f66e9a-20aa-11e3-9a3e-001a4a81450b','1088c3ce-20aa-11e3-9a3e-001a4a81450b',1,'12.04 LTS Lucid Lynx 64-bit','2014-02-01 23:37:56',NULL,NULL,NULL,'ubuntu-12.04-64',NULL,NULL,NULL,NULL,'2014-02-01 23:37:56','root@tardis','2015-07-10 22:05:18'),('27f0588b-209e-11e3-9a3e-001a4a81450b','d95fcb5f-209d-11e3-9a3e-001a4a81450b',1,'5.9 64-bit','2014-02-01 23:37:56',NULL,NULL,NULL,'scientific-5.9-64',NULL,NULL,NULL,NULL,'2014-02-01 23:37:56','root@tardis','2015-07-10 22:05:18'),('35bc77b9-7d3e-11e3-88bb-001a4a81450b','a4f024eb-f317-11e3-8775-001a4a81450b',1,'5.9 32-bit','2014-02-01 23:37:56',NULL,NULL,NULL,'scientific-5.9-32',NULL,NULL,NULL,NULL,'2014-02-01 23:37:56','root@tardis','2015-07-10 22:05:18'),('8f4878ec-976f-11e4-829b-001a4a81450b','48f9a9b0-976f-11e4-829b-001a4a81450b',1,'Android on Ubuntu 12.04 64-bit','2015-01-08 19:53:43',NULL,NULL,NULL,'android-ubuntu-12.04-64',NULL,NULL,NULL,NULL,'2015-01-08 19:53:43','root@tardis','2015-07-10 22:05:18'),('a9cfe21f-209d-11e3-9a3e-001a4a81450b','8a51ecea-209d-11e3-9a3e-001a4a81450b',1,'18 64-bit','2014-02-01 23:37:56',NULL,NULL,NULL,'fedora-18.0-64',NULL,NULL,NULL,NULL,'2014-02-01 23:37:56','root@tardis','2015-07-10 22:05:18'),('aebc38c3-209d-11e3-9a3e-001a4a81450b','8a51ecea-209d-11e3-9a3e-001a4a81450b',2,'19 64-bit','2014-02-01 23:37:56',NULL,NULL,NULL,'fedora-19.0-64',NULL,NULL,NULL,NULL,'2014-02-01 23:37:56','root@tardis','2015-07-10 22:05:18'),('e16f4023-209d-11e3-9a3e-001a4a81450b','d95fcb5f-209d-11e3-9a3e-001a4a81450b',2,'6.4 64-bit','2014-02-01 23:37:56',NULL,NULL,NULL,'scientific-6.4-64',NULL,NULL,NULL,NULL,'2014-02-01 23:37:56','root@tardis','2015-07-10 22:05:18'),('fc5737ef-09d7-11e3-a239-001a4a81450b','fc55810b-09d7-11e3-a239-001a4a81450b',1,'RHEL6.4 64-bit','2014-02-01 23:37:56',NULL,NULL,NULL,'rhel-6.4-64',NULL,NULL,NULL,NULL,'2014-02-01 23:37:56','root@tardis','2015-07-10 22:05:18');

USE `project`;
INSERT INTO `permission` VALUES ('dashboard-access','Admin Dashboard Access','Access to use the SWAMP Admin Dashboard.',1,NULL,NULL,'2014-07-15 14:00:10','root@tardis','2015-07-10 22:05:58'),('interactive-vm','Interactive VMs','Permission to access and use assessment virtual machines.',0,NULL,NULL,'2014-07-15 14:00:10','root@tardis','2015-07-10 22:05:58'),('project-owner','Project Ownership','Permission to create new Projects.',0,'project-owner-policy',NULL,'2014-07-15 14:00:10','root@tardis','2015-07-10 22:05:58'),('ssh-access','SSH Access','Log in to assessment virtual machines using SSH.',1,NULL,NULL,'2014-08-26 18:41:04','root@tardis','2015-07-10 22:05:58');
INSERT INTO `policy` VALUES ('project-owner-policy','Project Ownership Policy','<p>SWAMP users agree to this policy when accepting the Project Owner privilege, which enables users to create and own Projects. This policy is a supplement to the SWAMP Acceptable Use Policy that all SWAMP users agree to.</p> <h2>SWAMP Project Owner Policy</h2> <p>As a SWAMP Project Owner, you are responsible for your SWAMP Project(s) and the activities that occur within your SWAMP Project(s). Your responsibilities include:</p> <ul> <li>Maintaining an accurate Description of your Project in your SWAMP Project Profile.</li> <li>Inviting only known colleagues to be Project Members and promptly removing Project Members who are no longer active colleagues.</li> <li>Submitting Run Requests consistent with the goals of your Project as stated in your Project Description.</li> <li>Periodically reviewing Run Requests submitted by Project Members for appropriate use of SWAMP resources.</li>  <li>Reporting any violations of the SWAMP Acceptable Use Policy by Project Members to the SWAMP Help Desk.</li>  </ul>',NULL,'2014-10-31 15:07:17','root@tardis','2015-07-10 22:06:27'),('support-consent','User Support Consent','In submitting a support request, you authorize SWAMP support staff to access data associated with your SWAMP account only to the extent required to resolve your support request.This authorization is valid only for the duration of your support request and will terminate upon resolution of your support request.',NULL,'2015-04-24 17:27:13','root@tardis','2015-07-10 22:06:27');
INSERT INTO `promo_code` VALUES (1,'SWAMP','SWAMP','A simple promo code for OSCON 2014.','2014-08-02 00:00:00',NULL,'2014-07-01 15:48:21','root@tardis','2015-07-10 22:06:56'),(2,'EXP_TEST','EXP_TEST','A promo code for testing expiration','2014-07-03 14:05:00',NULL,'2014-07-02 15:18:55','root@tardis','2015-07-10 22:06:56');
INSERT INTO `restricted_domains` VALUES (17,'facebook.com','Facebook','2013-11-19 21:48:11',NULL,NULL),(18,'anonymous.com','Anonymous','2013-11-19 21:48:11',NULL,NULL),(19,'yahoo.com','Yahoo','2013-11-19 21:48:11',NULL,NULL),(20,'linkedin.com','Linkedin','2013-11-19 21:48:11',NULL,NULL),(22,'torproject.org','Tor','2013-12-20 03:24:36','2014-05-30 15:51:37',NULL),(23,'ninjacloak.com','Anonymizer','2013-12-20 03:25:04',NULL,NULL),(25,'hotmail.com','Microsoft Email','2014-01-21 22:13:47',NULL,NULL),(28,'aol.com','America Online','2014-06-26 09:50:47','2014-06-26 09:50:47',NULL),(29,'gmail.com','Google Email','2014-06-26 13:48:25','2014-06-26 13:48:25',NULL);

USE `tool_shed`;
INSERT INTO `specialized_tool_version` VALUES ('0e4acecd-d303-827a-ea95-9dee2bf21aea','163e5d8c-156e-11e3-a239-001a4a81450b','950734d0-f59b-11e3-8775-001a4a81450b','PLATFORM','051f9447-209e-11e3-9a3e-001a4a81450b',NULL,'/swamp/store/SCATools/cppcheck/tool-rhel-6.4-32-cppcheck-1.61.tar.gz','7eab1e0710a09795d74667d64c3b34f205ca47ce939d9f2b42fa11fa7da47068b06877452bf89cfa47891a1a755aa5c6db9a32c7c73d19cf0fd0041f930ba75b','cppcheck','','cppcheck-1.61',NULL,'2014-09-29 19:57:20','root@tardis','2015-07-10 22:10:42'),('134873d9-a7e4-11e4-a335-001a4a81450b','63695cd8-a73e-11e4-a335-001a4a81450b','fe360cd7-a7e3-11e4-a335-001a4a81450b','LANGUAGE',NULL,4,'/swamp/store/SCATools/flake/flake8-py2-2.3.0.tar.gz','70cd4a48254a7bbd473a90919b6a8400b1a38cbcdc814e4407d94c51c47d83702f8b4f6e3d1dcc06d7dc23af4359f7eb472ad285f543934bf528057119476107','flake8','--verbose --exit-zero --format=pylint','flake8-2.3.0',NULL,'2015-01-30 18:23:23','root@tardis','2015-07-10 22:10:42'),('176af780-94fc-04a6-04ac-9c9363ab3d58','f212557c-3050-11e3-9a3e-001a4a81450b','8ec206ff-f59b-11e3-8775-001a4a81450b','PLATFORM','a9cfe21f-209d-11e3-9a3e-001a4a81450b',NULL,'/swamp/store/SCATools/clang/tool-fedora-18.0-64-clang-sa-3.3.tar.gz','0653d258061149e9817470ee0ec8efa1a2f6c15fc8ed8583619faf75ba86c8988186d552ca7da715b644881e8806674db21881562b57ed79a2464f2220febe9f','scan-build/scan-build','','clang-3.3',NULL,'2014-09-29 19:57:20','root@tardis','2015-07-10 22:10:42'),('1d9a7a04-edb3-955d-9eb8-42e7a65448dd','163e5d8c-156e-11e3-a239-001a4a81450b','950734d0-f59b-11e3-8775-001a4a81450b','PLATFORM','aebc38c3-209d-11e3-9a3e-001a4a81450b',NULL,'/swamp/store/SCATools/cppcheck/tool-fedora-19.0-64-cppcheck-1.61.tar.gz','5a65b8cb4cbf08a904cf799e226ca91b1f8051158cfbd8d9bbc49e7e5e083b719ce14d40e457d45801248aebdaedfbf3d5fd98b35ac2662385e8e3a403e96ec4','cppcheck','','cppcheck-1.61',NULL,'2014-09-29 19:57:20','root@tardis','2015-07-10 22:10:42'),('1e58fe0c-a7e4-11e4-a335-001a4a81450b','63695cd8-a73e-11e4-a335-001a4a81450b','fe360cd7-a7e3-11e4-a335-001a4a81450b','LANGUAGE',NULL,5,'/swamp/store/SCATools/flake/flake8-py3-2.3.0.tar.gz','7445ab5cd44663b0066266cf4cb9c2b5c3fcbc302358e4b340392780ced6334acc1d575b718cff65c49f2f6b5664ba16ed086b1cce3d68f7b3de0049e6146562','flake8','--verbose --exit-zero --format=pylint','flake8-2.3.0',NULL,'2015-01-30 18:23:23','root@tardis','2015-07-10 22:10:42'),('22b04d64-1418-aad1-90d4-7f737ef2a5d7','f212557c-3050-11e3-9a3e-001a4a81450b','8ec206ff-f59b-11e3-8775-001a4a81450b','PLATFORM','e16f4023-209d-11e3-9a3e-001a4a81450b',NULL,'/swamp/store/SCATools/clang/tool-scientific-6.4-64-clang-sa-3.3.tar.gz','18b50004b7d29bb2e3b91b302dd63b0a2d6e36efdf1df862323eea5e07927043c676fa22a4f9a7f6bc677b93b87bfc5f37e38b8add30c01d5f0311ee5d72ad10','scan-build/scan-build','','clang-3.3',NULL,'2014-09-29 19:57:20','root@tardis','2015-07-10 22:10:42'),('22ea5b8c-b908-11e3-8775-001a4a81450b','f212557c-3050-11e3-9a3e-001a4a81450b','8ec206ff-f59b-11e3-8775-001a4a81450b','PLATFORM','35bc77b9-7d3e-11e3-88bb-001a4a81450b',NULL,'/swamp/store/SCATools/clang/tool-scientific-5.9-32-clang-sa-3.3.tar.gz','4dd967396eed7a5d398e98e5669618f8b84478d259a83920b577936714dc1ecfbf7880cc08dbe73438805bc3dbfacdd12adb2b9324d963de83d28f1e220578fb','scan-build/scan-build','','clang-3.3',NULL,'2014-09-29 19:57:20','root@tardis','2015-07-10 22:10:42'),('2d7e943c-5ccf-d7be-d7ac-1d07ac9ddf7a','163e5d8c-156e-11e3-a239-001a4a81450b','950734d0-f59b-11e3-8775-001a4a81450b','PLATFORM','e16f4023-209d-11e3-9a3e-001a4a81450b',NULL,'/swamp/store/SCATools/cppcheck/tool-scientific-6.4-64-cppcheck-1.61.tar.gz','6e7814e2f62900ecdc56155f189182be47773b05ee2c30f3936d1aab1646e2b99fc2b5ea23be82c1ebe678a666f29f45df31547843c6a03b4856f0ad3a4fd235','cppcheck','','cppcheck-1.61',NULL,'2014-09-29 19:57:20','root@tardis','2015-07-10 22:10:42'),('2f4b8bd4-0427-b597-a541-3fbd849c01eb','f212557c-3050-11e3-9a3e-001a4a81450b','8ec206ff-f59b-11e3-8775-001a4a81450b','PLATFORM','00f3ff35-209c-11e3-9a3e-001a4a81450b',NULL,'/swamp/store/SCATools/clang/tool-debian-7.0-64-clang-sa-3.3.tar.gz','43fc40525b7080485558ea55ac5e1296c11ea7aa7ae330367282ddd6b281569ff66793bd636dd8b2299c7906f62e3c35f0b85b172523d1564c099a479f8eb86e','scan-build/scan-build','','clang-3.3',NULL,'2014-09-29 19:57:20','root@tardis','2015-07-10 22:10:42'),('364e8718-480a-11e4-a4f3-001a4a81450b','0f668fb0-4421-11e4-a4f3-001a4a81450b','142e9a79-4425-11e4-a4f3-001a4a81450b','LANGUAGE',NULL,4,'/swamp/store/SCATools/pylint/pylint-py2-1.3.1.tar.gz','8932dfbd4ddb1174bc597019bccc50dffc31a71769d3e1e566e0b85f44f9d4ffac521980c343ed855b546c7856273cccf51e546b96d35609dcb4e40210e7bcad','pylint','','pylint-py2-1.3.1',NULL,'2014-09-29 19:57:20','root@tardis','2015-07-10 22:10:42'),('3aba0096-eabb-4098-349b-315de5420c34','163e5d8c-156e-11e3-a239-001a4a81450b','950734d0-f59b-11e3-8775-001a4a81450b','PLATFORM','18f66e9a-20aa-11e3-9a3e-001a4a81450b',NULL,'/swamp/store/SCATools/cppcheck/tool-ubuntu-12.04-64-cppcheck-1.61.tar.gz','82c06c64f72b95c7a5b179c05f7bd4b09477d04cfb66819f9e04458796d00189e9941958080e2cfbcb0f92538e87496858d9a6ae4d8e02ac7258c36a3417da98','cppcheck','','cppcheck-1.61',NULL,'2014-09-29 19:57:20','root@tardis','2015-07-10 22:10:42'),('4fe637c9-7f44-5301-8466-b83fc47fa445','f212557c-3050-11e3-9a3e-001a4a81450b','8ec206ff-f59b-11e3-8775-001a4a81450b','PLATFORM','fc5737ef-09d7-11e3-a239-001a4a81450b',NULL,'/swamp/store/SCATools/clang/tool-rhel-6.4-64-clang-sa-3.3.tar.gz','a5d152fe796e91ecb6008e08275113e197616a56313cea4b377be4b446965aeb1df17e7b57e2db7e8a5734b65d2ca796b0b7d5fcecae48b7b92a2b236b76e6e6','scan-build/scan-build','-','clang-3.3',NULL,'2014-09-29 19:57:20','root@tardis','2015-07-10 22:10:42'),('589821f9-0f06-566c-4cf9-28b398349055','163e5d8c-156e-11e3-a239-001a4a81450b','950734d0-f59b-11e3-8775-001a4a81450b','PLATFORM','fc5737ef-09d7-11e3-a239-001a4a81450b',NULL,'/swamp/store/SCATools/cppcheck/tool-rhel-6.4-64-cppcheck-1.61.tar.gz','aa1762374d36690cd91f9a11a341eb6d083314a71c6acd4cf07375365edf5c7fd600ea32ab5920426ec4beb84be74bd29b8de3cf3c422f7510c3cc740bc4bda4','cppcheck','','cppcheck-1.61',NULL,'2014-09-29 19:57:20','root@tardis','2015-07-10 22:10:42'),('646b7dc7-55b1-5c75-c32e-788b24161704','f212557c-3050-11e3-9a3e-001a4a81450b','8ec206ff-f59b-11e3-8775-001a4a81450b','PLATFORM','27f0588b-209e-11e3-9a3e-001a4a81450b',NULL,'/swamp/store/SCATools/clang/tool-scientific-5.9-64-clang-sa-3.3.tar.gz','70c6e7ce10d9558a77b485885be4778dc1d29301d905318d9b43ab237bbb8d40044302f836ffd0466edc59bb16017bc73dc1004bea6a54a6e8195b498d15c30e','scan-build/scan-build','','clang-3.3',NULL,'2014-09-29 19:57:20','root@tardis','2015-07-10 22:10:42'),('765efd9a-b908-11e3-8775-001a4a81450b','163e5d8c-156e-11e3-a239-001a4a81450b','950734d0-f59b-11e3-8775-001a4a81450b','PLATFORM','35bc77b9-7d3e-11e3-88bb-001a4a81450b',NULL,'/swamp/store/SCATools/cppcheck/tool-scientific-5.9-32-cppcheck-1.61.tar.gz','7abecc894bad18a5411ddd7f3de1e3916793802e48fcaf247d77f2de7892c70fc842145d5af867d7d9e11dfed9b29b21c8b34ed03cbae939d8b13bbdeb7b1f47','cppcheck','','cppcheck-1.61',NULL,'2014-09-29 19:57:20','root@tardis','2015-07-10 22:10:42'),('a766ae91-b36b-b228-df66-58f070d626cf','163e5d8c-156e-11e3-a239-001a4a81450b','950734d0-f59b-11e3-8775-001a4a81450b','PLATFORM','a9cfe21f-209d-11e3-9a3e-001a4a81450b',NULL,'/swamp/store/SCATools/cppcheck/tool-fedora-18.0-64-cppcheck-1.61.tar.gz','033fb1a6e2cac8e488557b9a0702205967f97f21c5de2e9f9b5903c93890299f641282f5f7303a9eb4b2cbc4eac2c250fb9b56055daf90b4deae4c7a7e759d80','cppcheck','','cppcheck-1.61',NULL,'2014-09-29 19:57:20','root@tardis','2015-07-10 22:10:42'),('a76e3fda-24e6-6a3d-6a3d-43fb1104677e','163e5d8c-156e-11e3-a239-001a4a81450b','950734d0-f59b-11e3-8775-001a4a81450b','PLATFORM','27f0588b-209e-11e3-9a3e-001a4a81450b',NULL,'/swamp/store/SCATools/cppcheck/tool-scientific-5.9-64-cppcheck-1.61.tar.gz','e6fcba48b1b2f5afff4cf7ff54c3c8377479264c2601bf0b9f38aebf64be322e5204ebdb27a91fe9d6063c6583e4c2bd2ce27442a883130542c1c745178891af','cppcheck','','cppcheck-1.61',NULL,'2014-09-29 19:57:20','root@tardis','2015-07-10 22:10:42'),('c8dd853a-ad8f-fb12-3198-6a7e63451104','f212557c-3050-11e3-9a3e-001a4a81450b','8ec206ff-f59b-11e3-8775-001a4a81450b','PLATFORM','18f66e9a-20aa-11e3-9a3e-001a4a81450b',NULL,'/swamp/store/SCATools/clang/tool-ubuntu-12.04-64-clang-sa-3.3.tar.gz','6a6e3f6f2b835f6c2e541b9f0b3b1a92ff152a09fbebf32d567cd531d7a657d12c2c7ef155a74e75eb5bc5ca1c788f9694a3b44f62f6498f209da6d54c0b35a4','scan-build/scan-build','','clang-3.3',NULL,'2014-09-29 19:57:20','root@tardis','2015-07-10 22:10:42'),('ca207cf5-c3f6-a5bc-1718-9ea95387e8f6','163e5d8c-156e-11e3-a239-001a4a81450b','950734d0-f59b-11e3-8775-001a4a81450b','PLATFORM','00f3ff35-209c-11e3-9a3e-001a4a81450b',NULL,'/swamp/store/SCATools/cppcheck/tool-debian-7.0-64-cppcheck-1.61.tar.gz','7b1186f11111849d1f49662b7fe9f61d57968b32e81530ae7e27d085967b0e885c957dc532006e6ad64ddf6982ca19df94ed71eb956268fd0e335c2499890586','cppcheck','','cppcheck-1.61',NULL,'2014-09-29 19:57:20','root@tardis','2015-07-10 22:10:42'),('cf859566-cdae-11e4-b6a7-001a4a81450b','563e30f6-cdae-11e4-b6a7-001a4a81450b','83fa93bb-cdae-11e4-b6a7-001a4a81450b','LANGUAGE',NULL,4,'/swamp/store/SCATools/flake/flake8-py2-2.3.0.tar.gz','70cd4a48254a7bbd473a90919b6a8400b1a38cbcdc814e4407d94c51c47d83702f8b4f6e3d1dcc06d7dc23af4359f7eb472ad285f543934bf528057119476107','flake8','--verbose --exit-zero --format=pylint','flake8-2.3.0',NULL,'2015-03-18 20:40:18','root@tardis','2015-07-10 22:10:42'),('e31c37ef-cdae-11e4-b6a7-001a4a81450b','563e30f6-cdae-11e4-b6a7-001a4a81450b','83fa93bb-cdae-11e4-b6a7-001a4a81450b','LANGUAGE',NULL,5,'/swamp/store/SCATools/flake/flake8-py3-2.3.0.tar.gz','7445ab5cd44663b0066266cf4cb9c2b5c3fcbc302358e4b340392780ced6334acc1d575b718cff65c49f2f6b5664ba16ed086b1cce3d68f7b3de0049e6146562','flake8','--verbose --exit-zero --format=pylint','flake8-2.3.0',NULL,'2015-03-18 20:40:18','root@tardis','2015-07-10 22:10:42'),('e430663e-7126-64fe-c834-2d4f21288f5e','f212557c-3050-11e3-9a3e-001a4a81450b','8ec206ff-f59b-11e3-8775-001a4a81450b','PLATFORM','051f9447-209e-11e3-9a3e-001a4a81450b',NULL,'/swamp/store/SCATools/clang/tool-rhel-6.4-32-clang-sa-3.3.tar.gz','d0f4eb1baefa38be92a2814dfb4f421800bb5343a9e87d5d584013cdbe588a1298b19d058fead48d5877528be4c8833c35f45c6b36ba1812dabddace155c314a','scan-build/scan-build','','clang-3.3',NULL,'2014-09-29 19:57:20','root@tardis','2015-07-10 22:10:42'),('eacba579-c789-c023-957f-1b7977ff96c8','f212557c-3050-11e3-9a3e-001a4a81450b','8ec206ff-f59b-11e3-8775-001a4a81450b','PLATFORM','aebc38c3-209d-11e3-9a3e-001a4a81450b',NULL,'/swamp/store/SCATools/clang/tool-fedora-19.0-64-clang-sa-3.3.tar.gz','5e13067724ceaf8c6c45adc572a9d9e9498139592e32009ea1474ae9034d301a43ab66b487568dc249f81b6a84c33a7d66f379ed277f12bd17d3374cbe9bd90a','scan-build/scan-build','','clang-3.3',NULL,'2014-09-29 19:57:20','root@tardis','2015-07-10 22:10:42'),('eccdd194-480a-11e4-a4f3-001a4a81450b','0f668fb0-4421-11e4-a4f3-001a4a81450b','142e9a79-4425-11e4-a4f3-001a4a81450b','LANGUAGE',NULL,5,'/swamp/store/SCATools/pylint/pylint-py3-1.3.1.tar.gz','9e2e1070190a58367fa4fd470798a744343d6617d3cca2d807eb10b1d874ffd1d99edba0ce801919f834c2f92ed2807fcc710b1cf051ffcf3a2e7681bd27074f','pylint','','pylint-py3-1.3.1',NULL,'2014-09-29 19:57:20','root@tardis','2015-07-10 22:10:42');
INSERT INTO `tool` VALUES ('0f668fb0-4421-11e4-a4f3-001a4a81450b','80835e30-d527-11e2-8b8b-0800200c9a66','Pylint','Pylint is a tool that checks for errors in Python code, tries to enforce a coding standard, and looks for bad code smells. <a href=\"http://www.pylint.org/\">http://www.pylint.org/</a>','PUBLIC',0,NULL,NULL,'2014-09-29 19:57:20','root@tardis','2015-07-10 22:01:04'),('163d56a7-156e-11e3-a239-001a4a81450b','80835e30-d527-11e2-8b8b-0800200c9a66','Findbugs','FindBugs is a program to find bugs in Java code. It looks for \"bug patterns\" - code instances that are likely to be errors. <a href=\"http://findbugs.sourceforge.net/\">http://findbugs.sourceforge.net/</a>','PUBLIC',1,NULL,NULL,'2014-02-01 23:37:56','root@tardis','2015-07-10 22:01:04'),('163e5d8c-156e-11e3-a239-001a4a81450b','80835e30-d527-11e2-8b8b-0800200c9a66','cppcheck','Cppcheck is a static analysis tool for C/C++ code. Unlike C/C++ compilers and many other analysis tools, it does not detect syntax errors in the code. Cppcheck primarily detects the types of bugs that the compilers normally do not detect. The goal is to detect only real errors in the code (i.e. have zero false positives). <a href=\"http://cppcheck.sourceforge.net/\">http://cppcheck.sourceforge.net/</a>','PUBLIC',0,NULL,NULL,'2014-02-01 23:37:56','root@tardis','2015-07-10 22:01:04'),('163f2b01-156e-11e3-a239-001a4a81450b','80835e30-d527-11e2-8b8b-0800200c9a66','PMD','PMD is a Java source code analyzer. It finds common programming flaws like unused variables, empty catch blocks, and unnecessary object creation. <a href=\"http://pmd.sourceforge.net/\">http://pmd.sourceforge.net/</a>','PUBLIC',0,NULL,NULL,'2014-02-01 23:37:56','root@tardis','2015-07-10 22:01:04'),('56872C2E-1D78-4DB0-B976-83ACF5424C52','80835e30-d527-11e2-8b8b-0800200c9a66','error-prone','Error-prone augments the compiler\'s type analysis to catch Java mistakes before they end up as bugs in production. <a href=\"http://errorprone.info/\">http://errorprone.info/</a>','PUBLIC',0,NULL,NULL,'2014-05-15 06:22:40','root@tardis','2015-07-10 22:01:04'),('63695cd8-a73e-11e4-a335-001a4a81450b','80835e30-d527-11e2-8b8b-0800200c9a66','Flake8','Flake8 is a Python tool that glues together pep8, pyflakes, mccabe, and third-party plugins to check the style and quality of Python code. <a href=\"https://gitlab.com/pycqa/flake8\">https://gitlab.com/pycqa/flake8</a>','PUBLIC',0,NULL,NULL,'2015-01-30 18:23:23','root@tardis','2015-07-10 22:01:04'),('7A08B82D-3A3B-45CA-8644-105088741AF6','80835e30-d527-11e2-8b8b-0800200c9a66','GCC','The GNU Compiler Collection includes front ends for C & C++. GCC was originally written as the compiler for the GNU operating system. <a href=\"https://gcc.gnu.org/\">https://gcc.gnu.org/</a>','PUBLIC',0,NULL,NULL,'2014-02-01 23:37:56','root@tardis','2015-07-10 22:01:04'),('7fbfa454-8f9f-11e4-829b-001a4a81450b','80835e30-d527-11e2-8b8b-0800200c9a66','Bandit','Bandit provides a framework for performing security analysis of Python source code. <a href=\"https://wiki.openstack.org/wiki/Security/Projects/Bandit\">https://wiki.openstack.org/wiki/Security/Projects/Bandit</a>','PUBLIC',0,NULL,NULL,'2014-12-29 21:54:29','root@tardis','2015-07-10 22:01:04'),('9289b560-8f8b-11e4-829b-001a4a81450b','80835e30-d527-11e2-8b8b-0800200c9a66','Android lint','Android Lint is a static code analysis tool that checks Android project source files for potential bugs and optimization improvements for correctness, security, performance, usability, accessibility, and internationalization. <a href=\"http://tools.android.com/tips/lint\">http://tools.android.com/tips/lint</a>','PUBLIC',0,NULL,NULL,'2014-12-29 21:54:29','root@tardis','2015-07-10 22:01:04'),('992A48A5-62EC-4EE9-8429-45BB94275A41','80835e30-d527-11e2-8b8b-0800200c9a66','checkstyle','Checkstyle is a development tool to help programmers write Java code that adheres to a coding standard. <a href=\"http://checkstyle.sourceforge.net/\">http://checkstyle.sourceforge.net/</a>','PUBLIC',0,NULL,NULL,'2014-05-15 06:22:40','root@tardis','2015-07-10 22:01:04'),('f212557c-3050-11e3-9a3e-001a4a81450b','80835e30-d527-11e2-8b8b-0800200c9a66','Clang Static Analyzer','The Clang Static Analyzer is a source code analysis tool that finds bugs in C & C++. <a href=\"http://clang-analyzer.llvm.org/\">http://clang-analyzer.llvm.org/</a>','public',0,NULL,NULL,'2014-02-01 23:37:56','root@tardis','2015-07-10 22:01:04');
INSERT INTO `tool_language` VALUES (19,'163d56a7-156e-11e3-a239-001a4a81450b','163fe1e7-156e-11e3-a239-001a4a81450b',2,NULL,'2014-04-25 16:37:10','root@tardis','2015-07-10 22:16:45'),(20,'163d56a7-156e-11e3-a239-001a4a81450b','4c1ec754-cb53-11e3-8775-001a4a81450b',2,NULL,'2014-04-25 16:37:10','root@tardis','2015-07-10 22:16:45'),(21,'163d56a7-156e-11e3-a239-001a4a81450b','163fe1e7-156e-11e3-a239-001a4a81450b',3,NULL,'2014-04-25 16:37:10','root@tardis','2015-07-10 22:16:45'),(22,'163d56a7-156e-11e3-a239-001a4a81450b','4c1ec754-cb53-11e3-8775-001a4a81450b',3,NULL,'2014-04-25 16:37:10','root@tardis','2015-07-10 22:16:45'),(23,'7A08B82D-3A3B-45CA-8644-105088741AF6','325CA868-0D19-4B00-B034-3786887541AA',1,NULL,'2014-04-25 16:37:10','root@tardis','2015-07-10 22:16:45'),(24,'163f2b01-156e-11e3-a239-001a4a81450b','16414980-156e-11e3-a239-001a4a81450b',2,NULL,'2014-04-25 16:37:10','root@tardis','2015-07-10 22:16:45'),(25,'163f2b01-156e-11e3-a239-001a4a81450b','a2d949ef-cb53-11e3-8775-001a4a81450b',2,NULL,'2014-04-25 16:37:10','root@tardis','2015-07-10 22:16:45'),(26,'992A48A5-62EC-4EE9-8429-45BB94275A41','09449DE5-8E63-44EA-8396-23C64525D57C',2,NULL,'2014-05-15 06:22:40','root@tardis','2015-07-10 22:16:45'),(27,'56872C2E-1D78-4DB0-B976-83ACF5424C52','5230FE76-E658-4B3A-AD40-7D55F7A21955',2,NULL,'2014-05-15 06:22:40','root@tardis','2015-07-10 22:16:45'),(30,'f212557c-3050-11e3-9a3e-001a4a81450b','8ec206ff-f59b-11e3-8775-001a4a81450b',1,NULL,'2014-06-23 11:46:41','root@tardis','2015-07-10 22:16:45'),(31,'163e5d8c-156e-11e3-a239-001a4a81450b','950734d0-f59b-11e3-8775-001a4a81450b',1,NULL,'2014-06-23 11:46:41','root@tardis','2015-07-10 22:16:45'),(36,'0f668fb0-4421-11e4-a4f3-001a4a81450b','142e9a79-4425-11e4-a4f3-001a4a81450b',4,NULL,'2014-09-29 19:57:20','root@tardis','2015-07-10 22:16:45'),(38,'0f668fb0-4421-11e4-a4f3-001a4a81450b','142e9a79-4425-11e4-a4f3-001a4a81450b',5,NULL,'2014-09-29 20:40:43','root@tardis','2015-07-10 22:16:45'),(43,'9289b560-8f8b-11e4-829b-001a4a81450b','32eb19f7-8f8c-11e4-829b-001a4a81450b',6,NULL,'2014-12-29 21:54:29','root@tardis','2015-07-10 22:16:45'),(44,'7fbfa454-8f9f-11e4-829b-001a4a81450b','9cbd0e60-8f9f-11e4-829b-001a4a81450b',4,NULL,'2014-12-29 21:54:29','root@tardis','2015-07-10 22:16:45'),(45,'163d56a7-156e-11e3-a239-001a4a81450b','163fe1e7-156e-11e3-a239-001a4a81450b',6,NULL,'2015-01-14 21:04:55','root@tardis','2015-07-10 22:16:45'),(46,'163d56a7-156e-11e3-a239-001a4a81450b','4c1ec754-cb53-11e3-8775-001a4a81450b',6,NULL,'2015-01-14 21:04:55','root@tardis','2015-07-10 22:16:45'),(47,'163f2b01-156e-11e3-a239-001a4a81450b','16414980-156e-11e3-a239-001a4a81450b',6,NULL,'2015-01-14 21:04:55','root@tardis','2015-07-10 22:16:45'),(48,'163f2b01-156e-11e3-a239-001a4a81450b','a2d949ef-cb53-11e3-8775-001a4a81450b',6,NULL,'2015-01-14 21:04:55','root@tardis','2015-07-10 22:16:45'),(49,'992A48A5-62EC-4EE9-8429-45BB94275A41','09449DE5-8E63-44EA-8396-23C64525D57C',6,NULL,'2015-01-14 21:04:55','root@tardis','2015-07-10 22:16:45'),(50,'56872C2E-1D78-4DB0-B976-83ACF5424C52','5230FE76-E658-4B3A-AD40-7D55F7A21955',6,NULL,'2015-01-14 21:04:55','root@tardis','2015-07-10 22:16:45'),(52,'63695cd8-a73e-11e4-a335-001a4a81450b','fe360cd7-a7e3-11e4-a335-001a4a81450b',4,NULL,'2015-01-30 18:23:23','root@tardis','2015-07-10 22:16:45'),(53,'63695cd8-a73e-11e4-a335-001a4a81450b','fe360cd7-a7e3-11e4-a335-001a4a81450b',5,NULL,'2015-01-30 18:23:23','root@tardis','2015-07-10 22:16:45'),(54,'992A48A5-62EC-4EE9-8429-45BB94275A41','0667d30a-a7f0-11e4-a335-001a4a81450b',2,NULL,'2015-01-30 18:23:43','root@tardis','2015-07-10 22:16:45'),(55,'992A48A5-62EC-4EE9-8429-45BB94275A41','0667d30a-a7f0-11e4-a335-001a4a81450b',6,NULL,'2015-01-30 18:23:43','root@tardis','2015-07-10 22:16:45'),(56,'163d56a7-156e-11e3-a239-001a4a81450b','27ea7f63-a813-11e4-a335-001a4a81450b',2,NULL,'2015-01-30 18:23:57','root@tardis','2015-07-10 22:16:45'),(57,'163d56a7-156e-11e3-a239-001a4a81450b','27ea7f63-a813-11e4-a335-001a4a81450b',3,NULL,'2015-01-30 18:23:57','root@tardis','2015-07-10 22:16:45'),(58,'163d56a7-156e-11e3-a239-001a4a81450b','27ea7f63-a813-11e4-a335-001a4a81450b',6,NULL,'2015-01-30 18:23:57','root@tardis','2015-07-10 22:16:45'),(59,'163f2b01-156e-11e3-a239-001a4a81450b','bdaf4b93-a811-11e4-a335-001a4a81450b',2,NULL,'2015-01-30 18:24:10','root@tardis','2015-07-10 22:16:45'),(60,'163f2b01-156e-11e3-a239-001a4a81450b','bdaf4b93-a811-11e4-a335-001a4a81450b',6,NULL,'2015-01-30 18:24:10','root@tardis','2015-07-10 22:16:45'),(61,'563e30f6-cdae-11e4-b6a7-001a4a81450b','83fa93bb-cdae-11e4-b6a7-001a4a81450b',4,NULL,'2015-03-18 20:40:20','root@tardis','2015-07-10 22:16:45'),(62,'563e30f6-cdae-11e4-b6a7-001a4a81450b','83fa93bb-cdae-11e4-b6a7-001a4a81450b',5,NULL,'2015-03-18 20:40:21','root@tardis','2015-07-10 22:16:45');
INSERT INTO `tool_platform` VALUES (1,'163e5d8c-156e-11e3-a239-001a4a81450b','1088c3ce-20aa-11e3-9a3e-001a4a81450b',NULL,'2015-02-28 07:28:12','root@tardis','2015-07-10 22:18:30'),(2,'163e5d8c-156e-11e3-a239-001a4a81450b','8a51ecea-209d-11e3-9a3e-001a4a81450b',NULL,'2015-02-28 07:28:12','root@tardis','2015-07-10 22:18:30'),(3,'163e5d8c-156e-11e3-a239-001a4a81450b','a4f024eb-f317-11e3-8775-001a4a81450b',NULL,'2015-02-28 07:28:12','root@tardis','2015-07-10 22:18:30'),(4,'163e5d8c-156e-11e3-a239-001a4a81450b','d531f0f0-f273-11e3-8775-001a4a81450b',NULL,'2015-02-28 07:28:12','root@tardis','2015-07-10 22:18:30'),(5,'163e5d8c-156e-11e3-a239-001a4a81450b','d95fcb5f-209d-11e3-9a3e-001a4a81450b',NULL,'2015-02-28 07:28:12','root@tardis','2015-07-10 22:18:30'),(6,'163e5d8c-156e-11e3-a239-001a4a81450b','ee2c1193-209b-11e3-9a3e-001a4a81450b',NULL,'2015-02-28 07:28:12','root@tardis','2015-07-10 22:18:30'),(7,'163e5d8c-156e-11e3-a239-001a4a81450b','fc55810b-09d7-11e3-a239-001a4a81450b',NULL,'2015-02-28 07:28:12','root@tardis','2015-07-10 22:18:30'),(15,'7A08B82D-3A3B-45CA-8644-105088741AF6','1088c3ce-20aa-11e3-9a3e-001a4a81450b',NULL,'2015-02-28 07:28:12','root@tardis','2015-07-10 22:18:30'),(16,'7A08B82D-3A3B-45CA-8644-105088741AF6','8a51ecea-209d-11e3-9a3e-001a4a81450b',NULL,'2015-02-28 07:28:12','root@tardis','2015-07-10 22:18:30'),(17,'7A08B82D-3A3B-45CA-8644-105088741AF6','a4f024eb-f317-11e3-8775-001a4a81450b',NULL,'2015-02-28 07:28:12','root@tardis','2015-07-10 22:18:30'),(18,'7A08B82D-3A3B-45CA-8644-105088741AF6','d531f0f0-f273-11e3-8775-001a4a81450b',NULL,'2015-02-28 07:28:12','root@tardis','2015-07-10 22:18:30'),(19,'7A08B82D-3A3B-45CA-8644-105088741AF6','d95fcb5f-209d-11e3-9a3e-001a4a81450b',NULL,'2015-02-28 07:28:12','root@tardis','2015-07-10 22:18:30'),(20,'7A08B82D-3A3B-45CA-8644-105088741AF6','ee2c1193-209b-11e3-9a3e-001a4a81450b',NULL,'2015-02-28 07:28:12','root@tardis','2015-07-10 22:18:30'),(21,'7A08B82D-3A3B-45CA-8644-105088741AF6','fc55810b-09d7-11e3-a239-001a4a81450b',NULL,'2015-02-28 07:28:12','root@tardis','2015-07-10 22:18:30'),(22,'f212557c-3050-11e3-9a3e-001a4a81450b','1088c3ce-20aa-11e3-9a3e-001a4a81450b',NULL,'2015-02-28 07:28:12','root@tardis','2015-07-10 22:18:30'),(23,'f212557c-3050-11e3-9a3e-001a4a81450b','8a51ecea-209d-11e3-9a3e-001a4a81450b',NULL,'2015-02-28 07:28:12','root@tardis','2015-07-10 22:18:30'),(24,'f212557c-3050-11e3-9a3e-001a4a81450b','a4f024eb-f317-11e3-8775-001a4a81450b',NULL,'2015-02-28 07:28:12','root@tardis','2015-07-10 22:18:30'),(25,'f212557c-3050-11e3-9a3e-001a4a81450b','d531f0f0-f273-11e3-8775-001a4a81450b',NULL,'2015-02-28 07:28:12','root@tardis','2015-07-10 22:18:30'),(26,'f212557c-3050-11e3-9a3e-001a4a81450b','d95fcb5f-209d-11e3-9a3e-001a4a81450b',NULL,'2015-02-28 07:28:12','root@tardis','2015-07-10 22:18:30'),(27,'f212557c-3050-11e3-9a3e-001a4a81450b','ee2c1193-209b-11e3-9a3e-001a4a81450b',NULL,'2015-02-28 07:28:12','root@tardis','2015-07-10 22:18:30'),(28,'f212557c-3050-11e3-9a3e-001a4a81450b','fc55810b-09d7-11e3-a239-001a4a81450b',NULL,'2015-02-28 07:28:12','root@tardis','2015-07-10 22:18:30'),(29,'163d56a7-156e-11e3-a239-001a4a81450b','fc55810b-09d7-11e3-a239-001a4a81450b',NULL,'2015-02-28 07:28:12','root@tardis','2015-07-10 22:18:30'),(30,'163f2b01-156e-11e3-a239-001a4a81450b','fc55810b-09d7-11e3-a239-001a4a81450b',NULL,'2015-02-28 07:28:12','root@tardis','2015-07-10 22:18:30'),(31,'56872C2E-1D78-4DB0-B976-83ACF5424C52','fc55810b-09d7-11e3-a239-001a4a81450b',NULL,'2015-02-28 07:28:12','root@tardis','2015-07-10 22:18:30'),(33,'992A48A5-62EC-4EE9-8429-45BB94275A41','fc55810b-09d7-11e3-a239-001a4a81450b',NULL,'2015-02-28 07:28:12','root@tardis','2015-07-10 22:18:30'),(34,'0f668fb0-4421-11e4-a4f3-001a4a81450b','d95fcb5f-209d-11e3-9a3e-001a4a81450b',NULL,'2015-02-28 07:28:12','root@tardis','2015-07-10 22:18:30'),(35,'63695cd8-a73e-11e4-a335-001a4a81450b','d95fcb5f-209d-11e3-9a3e-001a4a81450b',NULL,'2015-02-28 07:28:12','root@tardis','2015-07-10 22:18:30'),(36,'7fbfa454-8f9f-11e4-829b-001a4a81450b','d95fcb5f-209d-11e3-9a3e-001a4a81450b',NULL,'2015-02-28 07:28:12','root@tardis','2015-07-10 22:18:30'),(37,'9289b560-8f8b-11e4-829b-001a4a81450b','48f9a9b0-976f-11e4-829b-001a4a81450b',NULL,'2015-02-28 07:28:12','root@tardis','2015-07-10 22:18:30'),(45,'163d56a7-156e-11e3-a239-001a4a81450b','48f9a9b0-976f-11e4-829b-001a4a81450b',NULL,'2015-03-03 17:31:03','root@tardis','2015-07-10 22:18:30'),(46,'163f2b01-156e-11e3-a239-001a4a81450b','48f9a9b0-976f-11e4-829b-001a4a81450b',NULL,'2015-03-03 17:31:03','root@tardis','2015-07-10 22:18:30'),(47,'56872C2E-1D78-4DB0-B976-83ACF5424C52','48f9a9b0-976f-11e4-829b-001a4a81450b',NULL,'2015-03-03 17:31:03','root@tardis','2015-07-10 22:18:30'),(49,'992A48A5-62EC-4EE9-8429-45BB94275A41','48f9a9b0-976f-11e4-829b-001a4a81450b',NULL,'2015-03-03 17:31:03','root@tardis','2015-07-10 22:18:30');
INSERT INTO `tool_version` VALUES ('0667d30a-a7f0-11e4-a335-001a4a81450b','992A48A5-62EC-4EE9-8429-45BB94275A41',2,'6.2','2015-01-30 18:23:43',NULL,'Checkstyle 6.2',NULL,'/swamp/store/SCATools/checkstyle/checkstyle-6.2-2.tar.gz','d8d1af94bb9ace19e2312333c83f3399c43a868f9c34be0d28509716f57887fc53e4f90e1862e6496357cb58617862944fa7745492ea926d9e43cdd4bb5c8287','checkstyle-6.2-all.jar','','checkstyle-6.2',NULL,'2015-01-30 18:23:43','root@tardis','2015-07-10 22:19:48'),('09449DE5-8E63-44EA-8396-23C64525D57C','992A48A5-62EC-4EE9-8429-45BB94275A41',1,'5.7','2014-05-15 06:22:40',NULL,'Checkstyle v5.7',NULL,'/swamp/store/SCATools/checkstyle/checkstyle-5.7-3.tar.gz','eef4291d5165b0b8e3d0d8d855feaed902f97b54cb3bfb94bcf013ff1006472c65154e14c271052c5563a2ad30a403e3225eba67c3af14db7d6d07961102ab12','checkstyle','','checkstyle',NULL,'2014-05-15 06:22:40','root@tardis','2015-07-10 22:19:48'),('142e9a79-4425-11e4-a4f3-001a4a81450b','0f668fb0-4421-11e4-a4f3-001a4a81450b',1,'1.3.1','2014-09-29 19:57:20',NULL,'Pylint v1.3.1 for Python 2 & 3',NULL,NULL,NULL,NULL,NULL,NULL,NULL,'2014-09-29 19:57:20','root@tardis','2015-07-10 22:19:48'),('163fe1e7-156e-11e3-a239-001a4a81450b','163d56a7-156e-11e3-a239-001a4a81450b',1,'2.0.2 (FindSecurityBugs 1.1.0)','2013-10-18 20:16:54',NULL,'FindBugs+FindSecurityBugs',NULL,'/swamp/store/SCATools/findbugs/findbugs-2.0.2-2.tar.gz','0bb79ccc7bdfbf5b2da2e2b671e3a19a7dd064c84fce3d7543a9a778aa2a9fec9737b17825daaa14260fc5b1395a1d42068d31bb8d88f44cdaa6475657be45c0','bin/findbugs','','findbugs-2.0.2',NULL,'2014-02-01 23:37:56','root@tardis','2015-07-10 22:19:48'),('16414980-156e-11e3-a239-001a4a81450b','163f2b01-156e-11e3-a239-001a4a81450b',1,'5.0.4','2013-10-25 19:30:17',NULL,NULL,NULL,'/swamp/store/SCATools/pmd/pmd-5.0.4-3.tar.gz','512abb7fca94ea837f5d48e1f2f20f15266efb09d542050df50dffc1d9a15b4d8cad7e0cd9857ed2055ca55a5e348c028035cf8926c66dd611c876f21d74131b','bin/run.sh','','pmd-bin-5.0.4',NULL,'2014-02-01 23:37:56','root@tardis','2015-07-10 22:19:48'),('27ea7f63-a813-11e4-a335-001a4a81450b','163d56a7-156e-11e3-a239-001a4a81450b',3,'3.0.0 (FindSecurityBugs 1.3)','2015-01-30 18:23:57',NULL,'Findbugs 3.0.0 (with FindSecurityBugs-1.3.0 plugin)',NULL,'/swamp/store/SCATools/findbugs/findbugs-3.0.0-2.tar.gz','4f97ca68cbb02973f909162c8386d4a28713cd45042bceea2047fc1459ed8c6f2e564a21ee40353501a4fc63256319f112bff2f185f8fe4822241c267e647f14','lib/findbugs.jar','','findbugs-3.0.0',NULL,'2015-01-30 18:23:57','root@tardis','2015-07-10 22:19:48'),('325CA868-0D19-4B00-B034-3786887541AA','7A08B82D-3A3B-45CA-8644-105088741AF6',1,'current','2013-12-16 00:00:00',NULL,'GCC',NULL,'/swamp/store/SCATools/gcc/gcc.txt','212a4cc25a916d008aa2cf1c43ea9b99a96d59728dd280114229ad741c871c93f415d91ec7e637d132e97e03737e1ce6bdfe3f8190246a4bcefa56c327b348a2','gcc',NULL,'.',NULL,'2014-02-01 23:37:56','root@tardis','2015-07-10 22:19:48'),('32eb19f7-8f8c-11e4-829b-001a4a81450b','9289b560-8f8b-11e4-829b-001a4a81450b',1,'0.0.1','2014-12-29 21:54:29',NULL,'lint',NULL,'/swamp/store/SCATools/lint/android-lint-0.0.1.tar.gz','dc4281026455566e0fba5000ed69aa251b6b8edae3296a37f06a513f1ac521a45165514696652bcae0ba6c0a2af56208c7655b4c43971b5f912b8c2caaa851c8','','','',NULL,'2014-12-29 21:54:29','root@tardis','2015-07-10 22:19:48'),('4c1ec754-cb53-11e3-8775-001a4a81450b','163d56a7-156e-11e3-a239-001a4a81450b',2,'2.0.3 (FindSecurityBugs 1.2)','2014-04-24 06:22:19',NULL,'FindBugs+FindSecurityBugs',NULL,'/swamp/store/SCATools/findbugs/findbugs-2.0.3-4.tar.gz','735dce58dcaf05826437094977c1407943cf8620a7209df6d2ed60c5293f4bf850237f68298fff8c3f488593d1bc26f90f9d99cbd4e0b2567ba2d863c4624d8b','bin/findbugs','','findbugs-2.0.3',NULL,'2014-04-24 06:22:19','root@tardis','2015-07-10 22:19:48'),('5230FE76-E658-4B3A-AD40-7D55F7A21955','56872C2E-1D78-4DB0-B976-83ACF5424C52',1,'1.1.1','2014-05-15 06:22:40',NULL,'error-prone v1.1.1',NULL,'/swamp/store/SCATools/error-prone/error-prone-1.1.1-3.tar.gz','d7949d82fece9b2cb182dbe2645b92d58524a21fc94464da5cba9d3d9cf3d2a252e16a7c28c821aaec2482b91c71098eca89cb7589ec541f7983b213c831ae52','','','',NULL,'2014-05-15 06:22:40','root@tardis','2015-07-10 22:19:48'),('8ec206ff-f59b-11e3-8775-001a4a81450b','f212557c-3050-11e3-9a3e-001a4a81450b',1,'3.3','2014-06-19 20:02:33',NULL,'Clang Static Analyzer 3.3',NULL,NULL,NULL,NULL,NULL,NULL,NULL,'2014-06-19 20:02:33','root@tardis','2015-07-10 22:19:48'),('950734d0-f59b-11e3-8775-001a4a81450b','163e5d8c-156e-11e3-a239-001a4a81450b',1,'1.61','2014-06-19 20:02:33',NULL,'Cppcheck 1.61',NULL,NULL,NULL,NULL,NULL,NULL,NULL,'2014-06-19 20:02:33','root@tardis','2015-07-10 22:19:48'),('9cbd0e60-8f9f-11e4-829b-001a4a81450b','7fbfa454-8f9f-11e4-829b-001a4a81450b',1,'8ba3536','2014-12-29 21:54:29',NULL,'Bandit for Python',NULL,'/swamp/store/SCATools/bandit/bandit-8ba3536.tar.gz','38c156ba3dd0bbc9498b87e7454c5f683389326c060dc55eed45637cd20109aad60b8133e14797949a373b51650da099d51e1a493b876987b53ba6398a9ddf4e','','','',NULL,'2014-12-29 21:54:29','root@tardis','2015-07-10 22:19:48'),('a2d949ef-cb53-11e3-8775-001a4a81450b','163f2b01-156e-11e3-a239-001a4a81450b',2,'5.1.0','2014-04-24 06:22:19',NULL,NULL,NULL,'/swamp/store/SCATools/pmd/pmd-5.1.0-3.tar.gz','26939f85f5140a805cbb6a73ff05ea63920e6a2fef16152d4e15098d70023ab8f727c4675e93671d15076bb725e4ebb9840418783e390e964bdf50900632bd68','bin/run.sh','','pmd-bin-5.1.0',NULL,'2014-04-24 06:22:19','root@tardis','2015-07-10 22:19:48'),('bdaf4b93-a811-11e4-a335-001a4a81450b','163f2b01-156e-11e3-a239-001a4a81450b',3,'5.2.3','2015-01-30 18:24:10',NULL,'PMD 5.2.3',NULL,'/swamp/store/SCATools/pmd/pmd-5.2.3-3.tar.gz','652a9d818922c00494591c9bbef43bb2cb321a371ae99c4713054bd534f8d55c695244fab26dc24d1271bc469429b3d1da59e81067c34271e10e981935ac4d32','net.sourceforge.pmd.PMD','','pmd-bin-5.2.3',NULL,'2015-01-30 18:24:10','root@tardis','2015-07-10 22:19:48'),('fe360cd7-a7e3-11e4-a335-001a4a81450b','63695cd8-a73e-11e4-a335-001a4a81450b',1,'2.3.0','2015-01-30 18:23:23',NULL,'Flake8 v2.3.0 for Python 2 & 3',NULL,NULL,NULL,NULL,NULL,NULL,NULL,'2015-01-30 18:23:23','root@tardis','2015-07-10 22:19:48');

